"aa695293845","age","java.lang.Integer","false","null","null","1","100"
"aa695293845","name","java.lang.String","false","null","null","aaaaa","zzzzz"
"aa695293845","id","java.lang.Integer","true","null","null","0","10000"
"aa5086811125","age","java.lang.Integer","false","agenameidIndex","Octree","1","100"
"aa5086811125","name","java.lang.String","false","agenameidIndex","Octree","aaaaa","zzzzz"
"aa5086811125","id","java.lang.Integer","true","agenameidIndex","Octree","0","10000"
"aa2067825804","age","java.lang.Integer","false","null","null","1","100"
"aa2067825804","name","java.lang.String","false","null","null","aaaaa","zzzzz"
"aa2067825804","id","java.lang.Integer","true","null","null","0","10000"
"aa3283794365","age","java.lang.Integer","false","null","null","1","100"
"aa3283794365","name","java.lang.String","false","null","null","aaaaa","zzzzz"
"aa3283794365","id","java.lang.Integer","true","null","null","0","10000"
"aa578842345","age","java.lang.Integer","false","null","null","1","100"
"aa578842345","name","java.lang.String","false","null","null","aaaaa","zzzzz"
"aa578842345","id","java.lang.Integer","true","null","null","0","10000"
"aa3818235094","age","java.lang.Integer","false","null","null","1","100"
"aa3818235094","name","java.lang.String","false","null","null","aaaaa","zzzzz"
"aa3818235094","id","java.lang.Integer","true","null","null","0","10000"
"aa2913199596","age","java.lang.Integer","false","idagenameIndex","Octree","1","100"
"aa2913199596","name","java.lang.String","false","idagenameIndex","Octree","aaaaa","zzzzz"
"aa2913199596","id","java.lang.Integer","true","idagenameIndex","Octree","0","10000"
"aa4066970101","age","java.lang.Integer","false","null","null","1","100"
"aa4066970101","name","java.lang.String","false","null","null","aaaaa","zzzzz"
"aa4066970101","id","java.lang.Integer","true","null","null","0","10000"
"aa7022036349","age","java.lang.Integer","false","null","null","1","100"
"aa7022036349","name","java.lang.String","false","null","null","aaaaa","zzzzz"
"aa7022036349","id","java.lang.Integer","true","null","null","0","10000"
"aa4155586086","age","java.lang.Integer","false","null","null","1","100"
"aa4155586086","name","java.lang.String","false","null","null","aaaaa","zzzzz"
"aa4155586086","id","java.lang.Integer","true","null","null","0","10000"
"aa4949144207","age","java.lang.Integer","false","null","null","1","100"
"aa4949144207","name","java.lang.String","false","null","null","aaaaa","zzzzz"
"aa4949144207","id","java.lang.Integer","true","null","null","0","10000"
"aa1779205","age","java.lang.Integer","false","null","null","1","100"
"aa1779205","name","java.lang.String","false","null","null","aaaaa","zzzzz"
"aa1779205","id","java.lang.Integer","true","null","null","0","10000"
"aa2480177667","age","java.lang.Integer","false","null","null","1","100"
"aa2480177667","name","java.lang.String","false","null","null","aaaaa","zzzzz"
"aa2480177667","id","java.lang.Integer","true","null","null","0","10000"
"aa130972332","age","java.lang.Integer","false","null","null","1","100"
"aa130972332","name","java.lang.String","false","null","null","aaaaa","zzzzz"
"aa130972332","id","java.lang.Integer","true","null","null","0","10000"
"aa1609695937","age","java.lang.Integer","false","null","null","1","100"
"aa1609695937","name","java.lang.String","false","null","null","aaaaa","zzzzz"
"aa1609695937","id","java.lang.Integer","true","null","null","0","10000"
"aa3415917851","age","java.lang.Integer","false","null","null","1","100"
"aa3415917851","name","java.lang.String","false","null","null","aaaaa","zzzzz"
"aa3415917851","id","java.lang.Integer","true","null","null","0","10000"
"aa7203573595","age","java.lang.Integer","false","idagenameIndex","Octree","1","100"
"aa7203573595","name","java.lang.String","false","idagenameIndex","Octree","aaaaa","zzzzz"
"aa7203573595","id","java.lang.Integer","true","idagenameIndex","Octree","0","10000"
"aa955468123","age","java.lang.Integer","false","null","null","1","100"
"aa955468123","name","java.lang.String","false","null","null","aaaaa","zzzzz"
"aa955468123","id","java.lang.Integer","true","null","null","0","10000"
"aa6232035539","age","java.lang.Integer","false","null","null","1","100"
"aa6232035539","name","java.lang.String","false","null","null","aaaaa","zzzzz"
"aa6232035539","id","java.lang.Integer","true","null","null","0","10000"
"aa2164523173","age","java.lang.Integer","false","null","null","1","100"
"aa2164523173","name","java.lang.String","false","null","null","aaaaa","zzzzz"
"aa2164523173","id","java.lang.Integer","true","null","null","0","10000"
"aa5875653199","age","java.lang.Integer","false","null","null","1","100"
"aa5875653199","name","java.lang.String","false","null","null","aaaaa","zzzzz"
"aa5875653199","id","java.lang.Integer","true","null","null","0","10000"
"aa6835025773","age","java.lang.Integer","false","null","null","1","100"
"aa6835025773","name","java.lang.String","false","null","null","aaaaa","zzzzz"
"aa6835025773","id","java.lang.Integer","true","null","null","0","10000"
"aa7753383601","age","java.lang.Integer","false","null","null","1","100"
"aa7753383601","name","java.lang.String","false","null","null","aaaaa","zzzzz"
"aa7753383601","id","java.lang.Integer","true","null","null","0","10000"
"aa8082567718","age","java.lang.Integer","false","null","null","1","100"
"aa8082567718","name","java.lang.String","false","null","null","aaaaa","zzzzz"
"aa8082567718","id","java.lang.Integer","true","null","null","0","10000"
"aa4280280638","age","java.lang.Integer","false","null","null","1","100"
"aa4280280638","name","java.lang.String","false","null","null","aaaaa","zzzzz"
"aa4280280638","id","java.lang.Integer","true","null","null","0","10000"
"aa7639297973","age","java.lang.Integer","false","idagenameIndex","Octree","1","100"
"aa7639297973","name","java.lang.String","false","idagenameIndex","Octree","aaaaa","zzzzz"
"aa7639297973","id","java.lang.Integer","true","idagenameIndex","Octree","0","10000"
"aa9736958770","age","java.lang.Integer","false","null","null","1","100"
"aa9736958770","name","java.lang.String","false","null","null","aaaaa","zzzzz"
"aa9736958770","id","java.lang.Integer","true","null","null","0","10000"
"aa4162633252","age","java.lang.Integer","false","null","null","1","100"
"aa4162633252","name","java.lang.String","false","null","null","aaaaa","zzzzz"
"aa4162633252","id","java.lang.Integer","true","null","null","0","10000"
"aa3015743390","age","java.lang.Integer","false","null","null","1","100"
"aa3015743390","name","java.lang.String","false","null","null","aaaaa","zzzzz"
"aa3015743390","id","java.lang.Integer","true","null","null","0","10000"
"aa7274464705","age","java.lang.Integer","false","null","null","1","100"
"aa7274464705","name","java.lang.String","false","null","null","aaaaa","zzzzz"
"aa7274464705","id","java.lang.Integer","true","null","null","0","10000"
"aa1206199214","age","java.lang.Integer","false","null","null","1","100"
"aa1206199214","name","java.lang.String","false","null","null","aaaaa","zzzzz"
"aa1206199214","id","java.lang.Integer","true","null","null","0","10000"
"aa48959552","age","java.lang.Integer","false","null","null","1","100"
"aa48959552","name","java.lang.String","false","null","null","aaaaa","zzzzz"
"aa48959552","id","java.lang.Integer","true","null","null","0","10000"
"aa3193088303","age","java.lang.Integer","false","null","null","1","100"
"aa3193088303","name","java.lang.String","false","null","null","aaaaa","zzzzz"
"aa3193088303","id","java.lang.Integer","true","null","null","0","10000"
"aa9110683829","age","java.lang.Integer","false","null","null","1","100"
"aa9110683829","name","java.lang.String","false","null","null","aaaaa","zzzzz"
"aa9110683829","id","java.lang.Integer","true","null","null","0","10000"
"aa262072722","age","java.lang.Integer","false","null","null","1","100"
"aa262072722","name","java.lang.String","false","null","null","aaaaa","zzzzz"
"aa262072722","id","java.lang.Integer","true","null","null","0","10000"
"aa6266176841","age","java.lang.Integer","false","null","null","1","100"
"aa6266176841","name","java.lang.String","false","null","null","aaaaa","zzzzz"
"aa6266176841","id","java.lang.Integer","true","null","null","0","10000"
"aa6341943329","age","java.lang.Integer","false","null","null","1","100"
"aa6341943329","name","java.lang.String","false","null","null","aaaaa","zzzzz"
"aa6341943329","id","java.lang.Integer","true","null","null","0","10000"
"aa31699513","age","java.lang.Integer","false","null","null","1","100"
"aa31699513","name","java.lang.String","false","null","null","aaaaa","zzzzz"
"aa31699513","id","java.lang.Integer","true","null","null","0","10000"
"aa3961125812","age","java.lang.Integer","false","idagenameIndex","Octree","1","100"
"aa3961125812","name","java.lang.String","false","idagenameIndex","Octree","aaaaa","zzzzz"
"aa3961125812","id","java.lang.Integer","true","idagenameIndex","Octree","0","10000"
"aa4512647483","age","java.lang.Integer","false","null","null","1","100"
"aa4512647483","name","java.lang.String","false","null","null","aaaaa","zzzzz"
"aa4512647483","id","java.lang.Integer","true","null","null","0","10000"
"aa3254787865","age","java.lang.Integer","false","null","null","1","100"
"aa3254787865","name","java.lang.String","false","null","null","aaaaa","zzzzz"
"aa3254787865","id","java.lang.Integer","true","null","null","0","10000"
"aa5454047624","age","java.lang.Integer","false","null","null","1","100"
"aa5454047624","name","java.lang.String","false","null","null","aaaaa","zzzzz"
"aa5454047624","id","java.lang.Integer","true","null","null","0","10000"
"aa431047257","age","java.lang.Integer","false","null","null","1","100"
"aa431047257","name","java.lang.String","false","null","null","aaaaa","zzzzz"
"aa431047257","id","java.lang.Integer","true","null","null","0","10000"
"aa5265833610","age","java.lang.Integer","false","null","null","1","100"
"aa5265833610","name","java.lang.String","false","null","null","aaaaa","zzzzz"
"aa5265833610","id","java.lang.Integer","true","null","null","0","10000"
"aa8992159558","age","java.lang.Integer","false","null","null","1","100"
"aa8992159558","name","java.lang.String","false","null","null","aaaaa","zzzzz"
"aa8992159558","id","java.lang.Integer","true","null","null","0","10000"
"aa2177642228","age","java.lang.Integer","false","null","null","1","100"
"aa2177642228","name","java.lang.String","false","null","null","aaaaa","zzzzz"
"aa2177642228","id","java.lang.Integer","true","null","null","0","10000"
"aa1698146411","age","java.lang.Integer","false","null","null","1","100"
"aa1698146411","name","java.lang.String","false","null","null","aaaaa","zzzzz"
"aa1698146411","id","java.lang.Integer","true","null","null","0","10000"
"aa398314533","age","java.lang.Integer","false","null","null","1","100"
"aa398314533","name","java.lang.String","false","null","null","aaaaa","zzzzz"
"aa398314533","id","java.lang.Integer","true","null","null","0","10000"
"aa4406589064","age","java.lang.Integer","false","agenameidIndex","Octree","1","100"
"aa4406589064","name","java.lang.String","false","agenameidIndex","Octree","aaaaa","zzzzz"
"aa4406589064","id","java.lang.Integer","true","agenameidIndex","Octree","0","10000"
"aa8820150684","age","java.lang.Integer","false","null","null","1","100"
"aa8820150684","name","java.lang.String","false","null","null","aaaaa","zzzzz"
"aa8820150684","id","java.lang.Integer","true","null","null","0","10000"
"aa3958390011","age","java.lang.Integer","false","null","null","1","100"
"aa3958390011","name","java.lang.String","false","null","null","aaaaa","zzzzz"
"aa3958390011","id","java.lang.Integer","true","null","null","0","10000"
"aa341955624","age","java.lang.Integer","false","null","null","1","100"
"aa341955624","name","java.lang.String","false","null","null","aaaaa","zzzzz"
"aa341955624","id","java.lang.Integer","true","null","null","0","10000"
"aa4151290938","age","java.lang.Integer","false","null","null","1","100"
"aa4151290938","name","java.lang.String","false","null","null","aaaaa","zzzzz"
"aa4151290938","id","java.lang.Integer","true","null","null","0","10000"
"aa224407738","age","java.lang.Integer","false","idagenameIndex","Octree","1","100"
"aa224407738","name","java.lang.String","false","idagenameIndex","Octree","aaaaa","zzzzz"
"aa224407738","id","java.lang.Integer","true","idagenameIndex","Octree","0","10000"
"aa6452731851","age","java.lang.Integer","false","null","null","1","100"
"aa6452731851","name","java.lang.String","false","null","null","aaaaa","zzzzz"
"aa6452731851","id","java.lang.Integer","true","null","null","0","10000"
"aa4040640992","age","java.lang.Integer","false","null","null","1","100"
"aa4040640992","name","java.lang.String","false","null","null","aaaaa","zzzzz"
"aa4040640992","id","java.lang.Integer","true","null","null","0","10000"
"aa815837548","age","java.lang.Integer","false","null","null","1","100"
"aa815837548","name","java.lang.String","false","null","null","aaaaa","zzzzz"
"aa815837548","id","java.lang.Integer","true","null","null","0","10000"
"aa9048456081","age","java.lang.Integer","false","null","null","1","100"
"aa9048456081","name","java.lang.String","false","null","null","aaaaa","zzzzz"
"aa9048456081","id","java.lang.Integer","true","null","null","0","10000"
"aa832646988","age","java.lang.Integer","false","null","null","1","100"
"aa832646988","name","java.lang.String","false","null","null","aaaaa","zzzzz"
"aa832646988","id","java.lang.Integer","true","null","null","0","10000"
"aa799633245","age","java.lang.Integer","false","null","null","1","100"
"aa799633245","name","java.lang.String","false","null","null","aaaaa","zzzzz"
"aa799633245","id","java.lang.Integer","true","null","null","0","10000"
"aa8460520025","age","java.lang.Integer","false","null","null","1","100"
"aa8460520025","name","java.lang.String","false","null","null","aaaaa","zzzzz"
"aa8460520025","id","java.lang.Integer","true","null","null","0","10000"
"aa7747349454","age","java.lang.Integer","false","null","null","1","100"
"aa7747349454","name","java.lang.String","false","null","null","aaaaa","zzzzz"
"aa7747349454","id","java.lang.Integer","true","null","null","0","10000"
"aa69851589","age","java.lang.Integer","false","null","null","1","100"
"aa69851589","name","java.lang.String","false","null","null","aaaaa","zzzzz"
"aa69851589","id","java.lang.Integer","true","null","null","0","10000"
"aa2829523215","age","java.lang.Integer","false","idagenameIndex","Octree","1","100"
"aa2829523215","name","java.lang.String","false","idagenameIndex","Octree","aaaaa","zzzzz"
"aa2829523215","id","java.lang.Integer","true","idagenameIndex","Octree","0","10000"
"aa6154228040","age","java.lang.Integer","false","null","null","1","100"
"aa6154228040","name","java.lang.String","false","null","null","aaaaa","zzzzz"
"aa6154228040","id","java.lang.Integer","true","null","null","0","10000"
"aa5689863982","age","java.lang.Integer","false","null","null","1","100"
"aa5689863982","name","java.lang.String","false","null","null","aaaaa","zzzzz"
"aa5689863982","id","java.lang.Integer","true","null","null","0","10000"
"aa124278167","age","java.lang.Integer","false","null","null","1","100"
"aa124278167","name","java.lang.String","false","null","null","aaaaa","zzzzz"
"aa124278167","id","java.lang.Integer","true","null","null","0","10000"
"aa4929039913","age","java.lang.Integer","false","null","null","1","100"
"aa4929039913","name","java.lang.String","false","null","null","aaaaa","zzzzz"
"aa4929039913","id","java.lang.Integer","true","null","null","0","10000"
"aa6777222187","age","java.lang.Integer","false","null","null","1","100"
"aa6777222187","name","java.lang.String","false","null","null","aaaaa","zzzzz"
"aa6777222187","id","java.lang.Integer","true","null","null","0","10000"
"aa237706","age","java.lang.Integer","false","null","null","1","100"
"aa237706","name","java.lang.String","false","null","null","aaaaa","zzzzz"
"aa237706","id","java.lang.Integer","true","null","null","0","10000"
"aa4276356095","age","java.lang.Integer","false","null","null","1","100"
"aa4276356095","name","java.lang.String","false","null","null","aaaaa","zzzzz"
"aa4276356095","id","java.lang.Integer","true","null","null","0","10000"
"aa2896821289","age","java.lang.Integer","false","null","null","1","100"
"aa2896821289","name","java.lang.String","false","null","null","aaaaa","zzzzz"
"aa2896821289","id","java.lang.Integer","true","null","null","0","10000"
"aa8254625859","age","java.lang.Integer","false","idagenameIndex","Octree","1","100"
"aa8254625859","name","java.lang.String","false","idagenameIndex","Octree","aaaaa","zzzzz"
"aa8254625859","id","java.lang.Integer","true","idagenameIndex","Octree","0","10000"
"aa220922342","age","java.lang.Integer","false","null","null","1","100"
"aa220922342","name","java.lang.String","false","null","null","aaaaa","zzzzz"
"aa220922342","id","java.lang.Integer","true","null","null","0","10000"
"aa883646187","age","java.lang.Integer","false","null","null","1","100"
"aa883646187","name","java.lang.String","false","null","null","aaaaa","zzzzz"
"aa883646187","id","java.lang.Integer","true","null","null","0","10000"
"aa2594064922","age","java.lang.Integer","false","null","null","1","100"
"aa2594064922","name","java.lang.String","false","null","null","aaaaa","zzzzz"
"aa2594064922","id","java.lang.Integer","true","null","null","0","10000"
"aa8199962002","age","java.lang.Integer","false","null","null","1","100"
"aa8199962002","name","java.lang.String","false","null","null","aaaaa","zzzzz"
"aa8199962002","id","java.lang.Integer","true","null","null","0","10000"
"aa3179338943","age","java.lang.Integer","false","null","null","1","100"
"aa3179338943","name","java.lang.String","false","null","null","aaaaa","zzzzz"
"aa3179338943","id","java.lang.Integer","true","null","null","0","10000"
"aa3304777226","age","java.lang.Integer","false","null","null","1","100"
"aa3304777226","name","java.lang.String","false","null","null","aaaaa","zzzzz"
"aa3304777226","id","java.lang.Integer","true","null","null","0","10000"
"aa6324375748","age","java.lang.Integer","false","null","null","1","100"
"aa6324375748","name","java.lang.String","false","null","null","aaaaa","zzzzz"
"aa6324375748","id","java.lang.Integer","true","null","null","0","10000"
"aa9336828680","age","java.lang.Integer","false","agenameidIndex","Octree","1","100"
"aa9336828680","name","java.lang.String","false","agenameidIndex","Octree","aaaaa","zzzzz"
"aa9336828680","id","java.lang.Integer","true","agenameidIndex","Octree","0","10000"
"aa6060239407","age","java.lang.Integer","false","null","null","1","100"
"aa6060239407","name","java.lang.String","false","null","null","aaaaa","zzzzz"
"aa6060239407","id","java.lang.Integer","true","null","null","0","10000"
"aa5841399370","age","java.lang.Integer","false","null","null","1","100"
"aa5841399370","name","java.lang.String","false","null","null","aaaaa","zzzzz"
"aa5841399370","id","java.lang.Integer","true","null","null","0","10000"
"aa3814253073","age","java.lang.Integer","false","null","null","1","100"
"aa3814253073","name","java.lang.String","false","null","null","aaaaa","zzzzz"
"aa3814253073","id","java.lang.Integer","true","null","null","0","10000"
"aa7051869536","age","java.lang.Integer","false","null","null","1","100"
"aa7051869536","name","java.lang.String","false","null","null","aaaaa","zzzzz"
"aa7051869536","id","java.lang.Integer","true","null","null","0","10000"
"aa7293482395","age","java.lang.Integer","false","idagenameIndex","Octree","1","100"
"aa7293482395","name","java.lang.String","false","idagenameIndex","Octree","aaaaa","zzzzz"
"aa7293482395","id","java.lang.Integer","true","idagenameIndex","Octree","0","10000"
"aa4864465837","age","java.lang.Integer","false","null","null","1","100"
"aa4864465837","name","java.lang.String","false","null","null","aaaaa","zzzzz"
"aa4864465837","id","java.lang.Integer","true","null","null","0","10000"
"aa9635485474","age","java.lang.Integer","false","null","null","1","100"
"aa9635485474","name","java.lang.String","false","null","null","aaaaa","zzzzz"
"aa9635485474","id","java.lang.Integer","true","null","null","0","10000"
"aa511205540","age","java.lang.Integer","false","null","null","1","100"
"aa511205540","name","java.lang.String","false","null","null","aaaaa","zzzzz"
"aa511205540","id","java.lang.Integer","true","null","null","0","10000"
"aa491068331","age","java.lang.Integer","false","null","null","1","100"
"aa491068331","name","java.lang.String","false","null","null","aaaaa","zzzzz"
"aa491068331","id","java.lang.Integer","true","null","null","0","10000"
"aa1025814296","age","java.lang.Integer","false","null","null","1","100"
"aa1025814296","name","java.lang.String","false","null","null","aaaaa","zzzzz"
"aa1025814296","id","java.lang.Integer","true","null","null","0","10000"
"aa7177896782","age","java.lang.Integer","false","null","null","1","100"
"aa7177896782","name","java.lang.String","false","null","null","aaaaa","zzzzz"
"aa7177896782","id","java.lang.Integer","true","null","null","0","10000"
"aa4292981","age","java.lang.Integer","false","null","null","1","100"
"aa4292981","name","java.lang.String","false","null","null","aaaaa","zzzzz"
"aa4292981","id","java.lang.Integer","true","null","null","0","10000"
"aa5494990252","age","java.lang.Integer","false","null","null","1","100"
"aa5494990252","name","java.lang.String","false","null","null","aaaaa","zzzzz"
"aa5494990252","id","java.lang.Integer","true","null","null","0","10000"
"aa7540646841","age","java.lang.Integer","false","null","null","1","100"
"aa7540646841","name","java.lang.String","false","null","null","aaaaa","zzzzz"
"aa7540646841","id","java.lang.Integer","true","null","null","0","10000"
"aa213709256","age","java.lang.Integer","false","idagenameIndex","Octree","1","100"
"aa213709256","name","java.lang.String","false","idagenameIndex","Octree","aaaaa","zzzzz"
"aa213709256","id","java.lang.Integer","true","idagenameIndex","Octree","0","10000"
"aa2168250419","age","java.lang.Integer","false","null","null","1","100"
"aa2168250419","name","java.lang.String","false","null","null","aaaaa","zzzzz"
"aa2168250419","id","java.lang.Integer","true","null","null","0","10000"
"aa8942447578","age","java.lang.Integer","false","null","null","1","100"
"aa8942447578","name","java.lang.String","false","null","null","aaaaa","zzzzz"
"aa8942447578","id","java.lang.Integer","true","null","null","0","10000"
"aa3106685150","age","java.lang.Integer","false","null","null","1","100"
"aa3106685150","name","java.lang.String","false","null","null","aaaaa","zzzzz"
"aa3106685150","id","java.lang.Integer","true","null","null","0","10000"
"aa7185132630","age","java.lang.Integer","false","null","null","1","100"
"aa7185132630","name","java.lang.String","false","null","null","aaaaa","zzzzz"
"aa7185132630","id","java.lang.Integer","true","null","null","0","10000"
"aa7925552982","age","java.lang.Integer","false","null","null","1","100"
"aa7925552982","name","java.lang.String","false","null","null","aaaaa","zzzzz"
"aa7925552982","id","java.lang.Integer","true","null","null","0","10000"
"aa9661823037","age","java.lang.Integer","false","null","null","1","100"
"aa9661823037","name","java.lang.String","false","null","null","aaaaa","zzzzz"
"aa9661823037","id","java.lang.Integer","true","null","null","0","10000"
"aa991139029","age","java.lang.Integer","false","null","null","1","100"
"aa991139029","name","java.lang.String","false","null","null","aaaaa","zzzzz"
"aa991139029","id","java.lang.Integer","true","null","null","0","10000"
"aa9787471188","age","java.lang.Integer","false","null","null","1","100"
"aa9787471188","name","java.lang.String","false","null","null","aaaaa","zzzzz"
"aa9787471188","id","java.lang.Integer","true","null","null","0","10000"
"aa4719169013","age","java.lang.Integer","false","idagenameIndex","Octree","1","100"
"aa4719169013","name","java.lang.String","false","idagenameIndex","Octree","aaaaa","zzzzz"
"aa4719169013","id","java.lang.Integer","true","idagenameIndex","Octree","0","10000"
"aa1407690302","age","java.lang.Integer","false","null","null","1","100"
"aa1407690302","name","java.lang.String","false","null","null","aaaaa","zzzzz"
"aa1407690302","id","java.lang.Integer","true","null","null","0","10000"
"aa1720522791","age","java.lang.Integer","false","null","null","1","100"
"aa1720522791","name","java.lang.String","false","null","null","aaaaa","zzzzz"
"aa1720522791","id","java.lang.Integer","true","null","null","0","10000"
"aa5443085141","age","java.lang.Integer","false","null","null","1","100"
"aa5443085141","name","java.lang.String","false","null","null","aaaaa","zzzzz"
"aa5443085141","id","java.lang.Integer","true","null","null","0","10000"
"aa7424914067","age","java.lang.Integer","false","null","null","1","100"
"aa7424914067","name","java.lang.String","false","null","null","aaaaa","zzzzz"
"aa7424914067","id","java.lang.Integer","true","null","null","0","10000"
"aa5112277327","age","java.lang.Integer","false","null","null","1","100"
"aa5112277327","name","java.lang.String","false","null","null","aaaaa","zzzzz"
"aa5112277327","id","java.lang.Integer","true","null","null","0","10000"
"aa4277019265","age","java.lang.Integer","false","null","null","1","100"
"aa4277019265","name","java.lang.String","false","null","null","aaaaa","zzzzz"
"aa4277019265","id","java.lang.Integer","true","null","null","0","10000"
"aa4420984058","age","java.lang.Integer","false","null","null","1","100"
"aa4420984058","name","java.lang.String","false","null","null","aaaaa","zzzzz"
"aa4420984058","id","java.lang.Integer","true","null","null","0","10000"
"aa8429578122","age","java.lang.Integer","false","idagenameIndex","Octree","1","100"
"aa8429578122","name","java.lang.String","false","idagenameIndex","Octree","aaaaa","zzzzz"
"aa8429578122","id","java.lang.Integer","true","idagenameIndex","Octree","0","10000"
"aa8805578043","age","java.lang.Integer","false","null","null","1","100"
"aa8805578043","name","java.lang.String","false","null","null","aaaaa","zzzzz"
"aa8805578043","id","java.lang.Integer","true","null","null","0","10000"
"aa4730183122","age","java.lang.Integer","false","null","null","1","100"
"aa4730183122","name","java.lang.String","false","null","null","aaaaa","zzzzz"
"aa4730183122","id","java.lang.Integer","true","null","null","0","10000"
"aa4765230505","age","java.lang.Integer","false","null","null","1","100"
"aa4765230505","name","java.lang.String","false","null","null","aaaaa","zzzzz"
"aa4765230505","id","java.lang.Integer","true","null","null","0","10000"
"aa6890626935","age","java.lang.Integer","false","null","null","1","100"
"aa6890626935","name","java.lang.String","false","null","null","aaaaa","zzzzz"
"aa6890626935","id","java.lang.Integer","true","null","null","0","10000"
"aa8599186489","age","java.lang.Integer","false","null","null","1","100"
"aa8599186489","name","java.lang.String","false","null","null","aaaaa","zzzzz"
"aa8599186489","id","java.lang.Integer","true","null","null","0","10000"
"aa8915342165","age","java.lang.Integer","false","null","null","1","100"
"aa8915342165","name","java.lang.String","false","null","null","aaaaa","zzzzz"
"aa8915342165","id","java.lang.Integer","true","null","null","0","10000"
"aa5707530486","age","java.lang.Integer","false","null","null","1","100"
"aa5707530486","name","java.lang.String","false","null","null","aaaaa","zzzzz"
"aa5707530486","id","java.lang.Integer","true","null","null","0","10000"
"aa1721925251","age","java.lang.Integer","false","null","null","1","100"
"aa1721925251","name","java.lang.String","false","null","null","aaaaa","zzzzz"
"aa1721925251","id","java.lang.Integer","true","null","null","0","10000"
"aa9474288654","age","java.lang.Integer","false","null","null","1","100"
"aa9474288654","name","java.lang.String","false","null","null","aaaaa","zzzzz"
"aa9474288654","id","java.lang.Integer","true","null","null","0","10000"
"aa6046910193","age","java.lang.Integer","false","null","null","1","100"
"aa6046910193","name","java.lang.String","false","null","null","aaaaa","zzzzz"
"aa6046910193","id","java.lang.Integer","true","null","null","0","10000"
"aa1832056357","age","java.lang.Integer","false","null","null","1","100"
"aa1832056357","name","java.lang.String","false","null","null","aaaaa","zzzzz"
"aa1832056357","id","java.lang.Integer","true","null","null","0","10000"
"aa7968123542","age","java.lang.Integer","false","null","null","1","100"
"aa7968123542","name","java.lang.String","false","null","null","aaaaa","zzzzz"
"aa7968123542","id","java.lang.Integer","true","null","null","0","10000"
"aa8933478438","age","java.lang.Integer","false","idagenameIndex","Octree","1","100"
"aa8933478438","name","java.lang.String","false","idagenameIndex","Octree","aaaaa","zzzzz"
"aa8933478438","id","java.lang.Integer","true","idagenameIndex","Octree","0","10000"
"aa2927754065","age","java.lang.Integer","false","null","null","1","100"
"aa2927754065","name","java.lang.String","false","null","null","aaaaa","zzzzz"
"aa2927754065","id","java.lang.Integer","true","null","null","0","10000"
"aa7761656457","age","java.lang.Integer","false","null","null","1","100"
"aa7761656457","name","java.lang.String","false","null","null","aaaaa","zzzzz"
"aa7761656457","id","java.lang.Integer","true","null","null","0","10000"
"aa906355535","age","java.lang.Integer","false","null","null","1","100"
"aa906355535","name","java.lang.String","false","null","null","aaaaa","zzzzz"
"aa906355535","id","java.lang.Integer","true","null","null","0","10000"
"aa9061032507","age","java.lang.Integer","false","null","null","1","100"
"aa9061032507","name","java.lang.String","false","null","null","aaaaa","zzzzz"
"aa9061032507","id","java.lang.Integer","true","null","null","0","10000"
"aa9918694076","age","java.lang.Integer","false","null","null","1","100"
"aa9918694076","name","java.lang.String","false","null","null","aaaaa","zzzzz"
"aa9918694076","id","java.lang.Integer","true","null","null","0","10000"
"aa8454526067","age","java.lang.Integer","false","null","null","1","100"
"aa8454526067","name","java.lang.String","false","null","null","aaaaa","zzzzz"
"aa8454526067","id","java.lang.Integer","true","null","null","0","10000"
"aa51774524","age","java.lang.Integer","false","null","null","1","100"
"aa51774524","name","java.lang.String","false","null","null","aaaaa","zzzzz"
"aa51774524","id","java.lang.Integer","true","null","null","0","10000"
"aa3686597206","age","java.lang.Integer","false","null","null","1","100"
"aa3686597206","name","java.lang.String","false","null","null","aaaaa","zzzzz"
"aa3686597206","id","java.lang.Integer","true","null","null","0","10000"
"aa939774241","age","java.lang.Integer","false","null","null","1","100"
"aa939774241","name","java.lang.String","false","null","null","aaaaa","zzzzz"
"aa939774241","id","java.lang.Integer","true","null","null","0","10000"
"aa1606677381","age","java.lang.Integer","false","null","null","1","100"
"aa1606677381","name","java.lang.String","false","null","null","aaaaa","zzzzz"
"aa1606677381","id","java.lang.Integer","true","null","null","0","10000"
"aa1421763980","age","java.lang.Integer","false","null","null","1","100"
"aa1421763980","name","java.lang.String","false","null","null","aaaaa","zzzzz"
"aa1421763980","id","java.lang.Integer","true","null","null","0","10000"
"aa2575476727","age","java.lang.Integer","false","null","null","1","100"
"aa2575476727","name","java.lang.String","false","null","null","aaaaa","zzzzz"
"aa2575476727","id","java.lang.Integer","true","null","null","0","10000"
"aa927042959","age","java.lang.Integer","false","null","null","1","100"
"aa927042959","name","java.lang.String","false","null","null","aaaaa","zzzzz"
"aa927042959","id","java.lang.Integer","true","null","null","0","10000"
"aa603175030","age","java.lang.Integer","false","null","null","1","100"
"aa603175030","name","java.lang.String","false","null","null","aaaaa","zzzzz"
"aa603175030","id","java.lang.Integer","true","null","null","0","10000"
"aa6702753266","age","java.lang.Integer","false","null","null","1","100"
"aa6702753266","name","java.lang.String","false","null","null","aaaaa","zzzzz"
"aa6702753266","id","java.lang.Integer","true","null","null","0","10000"
"aa8116422667","age","java.lang.Integer","false","null","null","1","100"
"aa8116422667","name","java.lang.String","false","null","null","aaaaa","zzzzz"
"aa8116422667","id","java.lang.Integer","true","null","null","0","10000"
"aa1633091","age","java.lang.Integer","false","agenameidIndex","Octree","1","100"
"aa1633091","name","java.lang.String","false","agenameidIndex","Octree","aaaaa","zzzzz"
"aa1633091","id","java.lang.Integer","true","agenameidIndex","Octree","0","10000"
"aa8686718236","age","java.lang.Integer","false","null","null","1","100"
"aa8686718236","name","java.lang.String","false","null","null","aaaaa","zzzzz"
"aa8686718236","id","java.lang.Integer","true","null","null","0","10000"
"aa3682134523","age","java.lang.Integer","false","null","null","1","100"
"aa3682134523","name","java.lang.String","false","null","null","aaaaa","zzzzz"
"aa3682134523","id","java.lang.Integer","true","null","null","0","10000"
"aa7159835943","age","java.lang.Integer","false","null","null","1","100"
"aa7159835943","name","java.lang.String","false","null","null","aaaaa","zzzzz"
"aa7159835943","id","java.lang.Integer","true","null","null","0","10000"
"aa1036849873","age","java.lang.Integer","false","null","null","1","100"
"aa1036849873","name","java.lang.String","false","null","null","aaaaa","zzzzz"
"aa1036849873","id","java.lang.Integer","true","null","null","0","10000"
"aa9434418828","age","java.lang.Integer","false","idagenameIndex","Octree","1","100"
"aa9434418828","name","java.lang.String","false","idagenameIndex","Octree","aaaaa","zzzzz"
"aa9434418828","id","java.lang.Integer","true","idagenameIndex","Octree","0","10000"
"aa214389845","age","java.lang.Integer","false","null","null","1","100"
"aa214389845","name","java.lang.String","false","null","null","aaaaa","zzzzz"
"aa214389845","id","java.lang.Integer","true","null","null","0","10000"
"aa4413933539","age","java.lang.Integer","false","null","null","1","100"
"aa4413933539","name","java.lang.String","false","null","null","aaaaa","zzzzz"
"aa4413933539","id","java.lang.Integer","true","null","null","0","10000"
"aa4286153259","age","java.lang.Integer","false","null","null","1","100"
"aa4286153259","name","java.lang.String","false","null","null","aaaaa","zzzzz"
"aa4286153259","id","java.lang.Integer","true","null","null","0","10000"
"aa2715330107","age","java.lang.Integer","false","null","null","1","100"
"aa2715330107","name","java.lang.String","false","null","null","aaaaa","zzzzz"
"aa2715330107","id","java.lang.Integer","true","null","null","0","10000"
"aa3373810086","age","java.lang.Integer","false","null","null","1","100"
"aa3373810086","name","java.lang.String","false","null","null","aaaaa","zzzzz"
"aa3373810086","id","java.lang.Integer","true","null","null","0","10000"
"aa8044247221","age","java.lang.Integer","false","null","null","1","100"
"aa8044247221","name","java.lang.String","false","null","null","aaaaa","zzzzz"
"aa8044247221","id","java.lang.Integer","true","null","null","0","10000"
"aa2207892607","age","java.lang.Integer","false","null","null","1","100"
"aa2207892607","name","java.lang.String","false","null","null","aaaaa","zzzzz"
"aa2207892607","id","java.lang.Integer","true","null","null","0","10000"
"aa1345598998","age","java.lang.Integer","false","null","null","1","100"
"aa1345598998","name","java.lang.String","false","null","null","aaaaa","zzzzz"
"aa1345598998","id","java.lang.Integer","true","null","null","0","10000"
"aa6754368211","age","java.lang.Integer","false","null","null","1","100"
"aa6754368211","name","java.lang.String","false","null","null","aaaaa","zzzzz"
"aa6754368211","id","java.lang.Integer","true","null","null","0","10000"
"aa5662242621","age","java.lang.Integer","false","idagenameIndex","Octree","1","100"
"aa5662242621","name","java.lang.String","false","idagenameIndex","Octree","aaaaa","zzzzz"
"aa5662242621","id","java.lang.Integer","true","idagenameIndex","Octree","0","10000"
"aa2076939842","age","java.lang.Integer","false","null","null","1","100"
"aa2076939842","name","java.lang.String","false","null","null","aaaaa","zzzzz"
"aa2076939842","id","java.lang.Integer","true","null","null","0","10000"
"aa5271092699","age","java.lang.Integer","false","null","null","1","100"
"aa5271092699","name","java.lang.String","false","null","null","aaaaa","zzzzz"
"aa5271092699","id","java.lang.Integer","true","null","null","0","10000"
"aa2868165616","age","java.lang.Integer","false","null","null","1","100"
"aa2868165616","name","java.lang.String","false","null","null","aaaaa","zzzzz"
"aa2868165616","id","java.lang.Integer","true","null","null","0","10000"
"aa6106917872","age","java.lang.Integer","false","null","null","1","100"
"aa6106917872","name","java.lang.String","false","null","null","aaaaa","zzzzz"
"aa6106917872","id","java.lang.Integer","true","null","null","0","10000"
"aa962147856","age","java.lang.Integer","false","null","null","1","100"
"aa962147856","name","java.lang.String","false","null","null","aaaaa","zzzzz"
"aa962147856","id","java.lang.Integer","true","null","null","0","10000"
"aa5752727900","age","java.lang.Integer","false","null","null","1","100"
"aa5752727900","name","java.lang.String","false","null","null","aaaaa","zzzzz"
"aa5752727900","id","java.lang.Integer","true","null","null","0","10000"
"aa402013600","age","java.lang.Integer","false","null","null","1","100"
"aa402013600","name","java.lang.String","false","null","null","aaaaa","zzzzz"
"aa402013600","id","java.lang.Integer","true","null","null","0","10000"
"aa339535383","age","java.lang.Integer","false","null","null","1","100"
"aa339535383","name","java.lang.String","false","null","null","aaaaa","zzzzz"
"aa339535383","id","java.lang.Integer","true","null","null","0","10000"
"aa9906493574","age","java.lang.Integer","false","idagenameIndex","Octree","1","100"
"aa9906493574","name","java.lang.String","false","idagenameIndex","Octree","aaaaa","zzzzz"
"aa9906493574","id","java.lang.Integer","true","idagenameIndex","Octree","0","10000"
"aa2589055233","age","java.lang.Integer","false","null","null","1","100"
"aa2589055233","name","java.lang.String","false","null","null","aaaaa","zzzzz"
"aa2589055233","id","java.lang.Integer","true","null","null","0","10000"
"aa2035284691","age","java.lang.Integer","false","null","null","1","100"
"aa2035284691","name","java.lang.String","false","null","null","aaaaa","zzzzz"
"aa2035284691","id","java.lang.Integer","true","null","null","0","10000"
"aa9926487184","age","java.lang.Integer","false","null","null","1","100"
"aa9926487184","name","java.lang.String","false","null","null","aaaaa","zzzzz"
"aa9926487184","id","java.lang.Integer","true","null","null","0","10000"
"aa9565352330","age","java.lang.Integer","false","null","null","1","100"
"aa9565352330","name","java.lang.String","false","null","null","aaaaa","zzzzz"
"aa9565352330","id","java.lang.Integer","true","null","null","0","10000"
"aa4102711843","age","java.lang.Integer","false","null","null","1","100"
"aa4102711843","name","java.lang.String","false","null","null","aaaaa","zzzzz"
"aa4102711843","id","java.lang.Integer","true","null","null","0","10000"
"aa4664712969","age","java.lang.Integer","false","null","null","1","100"
"aa4664712969","name","java.lang.String","false","null","null","aaaaa","zzzzz"
"aa4664712969","id","java.lang.Integer","true","null","null","0","10000"
"aa4086319199","age","java.lang.Integer","false","null","null","1","100"
"aa4086319199","name","java.lang.String","false","null","null","aaaaa","zzzzz"
"aa4086319199","id","java.lang.Integer","true","null","null","0","10000"
"aa6981435176","age","java.lang.Integer","false","null","null","1","100"
"aa6981435176","name","java.lang.String","false","null","null","aaaaa","zzzzz"
"aa6981435176","id","java.lang.Integer","true","null","null","0","10000"
"aa2119079972","age","java.lang.Integer","false","null","null","1","100"
"aa2119079972","name","java.lang.String","false","null","null","aaaaa","zzzzz"
"aa2119079972","id","java.lang.Integer","true","null","null","0","10000"
"aa181857537","age","java.lang.Integer","false","null","null","1","100"
"aa181857537","name","java.lang.String","false","null","null","aaaaa","zzzzz"
"aa181857537","id","java.lang.Integer","true","null","null","0","10000"
"aa8780264860","age","java.lang.Integer","false","null","null","1","100"
"aa8780264860","name","java.lang.String","false","null","null","aaaaa","zzzzz"
"aa8780264860","id","java.lang.Integer","true","null","null","0","10000"
"aa9521045793","age","java.lang.Integer","false","null","null","1","100"
"aa9521045793","name","java.lang.String","false","null","null","aaaaa","zzzzz"
"aa9521045793","id","java.lang.Integer","true","null","null","0","10000"
"aa6660414444","age","java.lang.Integer","false","idagenameIndex","Octree","1","100"
"aa6660414444","name","java.lang.String","false","idagenameIndex","Octree","aaaaa","zzzzz"
"aa6660414444","id","java.lang.Integer","true","idagenameIndex","Octree","0","10000"
"aa8608448268","age","java.lang.Integer","false","null","null","1","100"
"aa8608448268","name","java.lang.String","false","null","null","aaaaa","zzzzz"
"aa8608448268","id","java.lang.Integer","true","null","null","0","10000"
"aa6260731362","age","java.lang.Integer","false","null","null","1","100"
"aa6260731362","name","java.lang.String","false","null","null","aaaaa","zzzzz"
"aa6260731362","id","java.lang.Integer","true","null","null","0","10000"
"aa831725858","age","java.lang.Integer","false","agenameidIndex","Octree","1","100"
"aa831725858","name","java.lang.String","false","agenameidIndex","Octree","aaaaa","zzzzz"
"aa831725858","id","java.lang.Integer","true","agenameidIndex","Octree","0","10000"
"aa9468089446","age","java.lang.Integer","false","null","null","1","100"
"aa9468089446","name","java.lang.String","false","null","null","aaaaa","zzzzz"
"aa9468089446","id","java.lang.Integer","true","null","null","0","10000"
"aa269931169","age","java.lang.Integer","false","null","null","1","100"
"aa269931169","name","java.lang.String","false","null","null","aaaaa","zzzzz"
"aa269931169","id","java.lang.Integer","true","null","null","0","10000"
"aa6756332421","age","java.lang.Integer","false","null","null","1","100"
"aa6756332421","name","java.lang.String","false","null","null","aaaaa","zzzzz"
"aa6756332421","id","java.lang.Integer","true","null","null","0","10000"
"aa5447161246","age","java.lang.Integer","false","null","null","1","100"
"aa5447161246","name","java.lang.String","false","null","null","aaaaa","zzzzz"
"aa5447161246","id","java.lang.Integer","true","null","null","0","10000"
"aa341274667","age","java.lang.Integer","false","idagenameIndex","Octree","1","100"
"aa341274667","name","java.lang.String","false","idagenameIndex","Octree","aaaaa","zzzzz"
"aa341274667","id","java.lang.Integer","true","idagenameIndex","Octree","0","10000"
"aa6009374978","age","java.lang.Integer","false","null","null","1","100"
"aa6009374978","name","java.lang.String","false","null","null","aaaaa","zzzzz"
"aa6009374978","id","java.lang.Integer","true","null","null","0","10000"
"aa5666770219","age","java.lang.Integer","false","null","null","1","100"
"aa5666770219","name","java.lang.String","false","null","null","aaaaa","zzzzz"
"aa5666770219","id","java.lang.Integer","true","null","null","0","10000"
"aa1415730310","age","java.lang.Integer","false","null","null","1","100"
"aa1415730310","name","java.lang.String","false","null","null","aaaaa","zzzzz"
"aa1415730310","id","java.lang.Integer","true","null","null","0","10000"
"aa211861346","age","java.lang.Integer","false","null","null","1","100"
"aa211861346","name","java.lang.String","false","null","null","aaaaa","zzzzz"
"aa211861346","id","java.lang.Integer","true","null","null","0","10000"
"aa8988153116","age","java.lang.Integer","false","null","null","1","100"
"aa8988153116","name","java.lang.String","false","null","null","aaaaa","zzzzz"
"aa8988153116","id","java.lang.Integer","true","null","null","0","10000"
"aa9040364921","age","java.lang.Integer","false","null","null","1","100"
"aa9040364921","name","java.lang.String","false","null","null","aaaaa","zzzzz"
"aa9040364921","id","java.lang.Integer","true","null","null","0","10000"
"aa3770467156","age","java.lang.Integer","false","null","null","1","100"
"aa3770467156","name","java.lang.String","false","null","null","aaaaa","zzzzz"
"aa3770467156","id","java.lang.Integer","true","null","null","0","10000"
"aa1672529881","age","java.lang.Integer","false","null","null","1","100"
"aa1672529881","name","java.lang.String","false","null","null","aaaaa","zzzzz"
"aa1672529881","id","java.lang.Integer","true","null","null","0","10000"
"aa3068242844","age","java.lang.Integer","false","null","null","1","100"
"aa3068242844","name","java.lang.String","false","null","null","aaaaa","zzzzz"
"aa3068242844","id","java.lang.Integer","true","null","null","0","10000"
"aa8835446194","age","java.lang.Integer","false","idagenameIndex","Octree","1","100"
"aa8835446194","name","java.lang.String","false","idagenameIndex","Octree","aaaaa","zzzzz"
"aa8835446194","id","java.lang.Integer","true","idagenameIndex","Octree","0","10000"
"aa8390718723","age","java.lang.Integer","false","null","null","1","100"
"aa8390718723","name","java.lang.String","false","null","null","aaaaa","zzzzz"
"aa8390718723","id","java.lang.Integer","true","null","null","0","10000"
"aa9183796015","age","java.lang.Integer","false","null","null","1","100"
"aa9183796015","name","java.lang.String","false","null","null","aaaaa","zzzzz"
"aa9183796015","id","java.lang.Integer","true","null","null","0","10000"
"aa183498890","age","java.lang.Integer","false","null","null","1","100"
"aa183498890","name","java.lang.String","false","null","null","aaaaa","zzzzz"
"aa183498890","id","java.lang.Integer","true","null","null","0","10000"
"aa5683591084","age","java.lang.Integer","false","null","null","1","100"
"aa5683591084","name","java.lang.String","false","null","null","aaaaa","zzzzz"
"aa5683591084","id","java.lang.Integer","true","null","null","0","10000"
"aa6219232023","age","java.lang.Integer","false","null","null","1","100"
"aa6219232023","name","java.lang.String","false","null","null","aaaaa","zzzzz"
"aa6219232023","id","java.lang.Integer","true","null","null","0","10000"
"aa8599836925","age","java.lang.Integer","false","null","null","1","100"
"aa8599836925","name","java.lang.String","false","null","null","aaaaa","zzzzz"
"aa8599836925","id","java.lang.Integer","true","null","null","0","10000"
"aa2804233251","age","java.lang.Integer","false","null","null","1","100"
"aa2804233251","name","java.lang.String","false","null","null","aaaaa","zzzzz"
"aa2804233251","id","java.lang.Integer","true","null","null","0","10000"
"aa572504038","age","java.lang.Integer","false","null","null","1","100"
"aa572504038","name","java.lang.String","false","null","null","aaaaa","zzzzz"
"aa572504038","id","java.lang.Integer","true","null","null","0","10000"
"aa9062218791","age","java.lang.Integer","false","idagenameIndex","Octree","1","100"
"aa9062218791","name","java.lang.String","false","idagenameIndex","Octree","aaaaa","zzzzz"
"aa9062218791","id","java.lang.Integer","true","idagenameIndex","Octree","0","10000"
"aa4843169024","age","java.lang.Integer","false","null","null","1","100"
"aa4843169024","name","java.lang.String","false","null","null","aaaaa","zzzzz"
"aa4843169024","id","java.lang.Integer","true","null","null","0","10000"
"aa8472985089","age","java.lang.Integer","false","null","null","1","100"
"aa8472985089","name","java.lang.String","false","null","null","aaaaa","zzzzz"
"aa8472985089","id","java.lang.Integer","true","null","null","0","10000"
"aa7494914462","age","java.lang.Integer","false","null","null","1","100"
"aa7494914462","name","java.lang.String","false","null","null","aaaaa","zzzzz"
"aa7494914462","id","java.lang.Integer","true","null","null","0","10000"
"aa8572779159","age","java.lang.Integer","false","null","null","1","100"
"aa8572779159","name","java.lang.String","false","null","null","aaaaa","zzzzz"
"aa8572779159","id","java.lang.Integer","true","null","null","0","10000"
"aa499295371","age","java.lang.Integer","false","null","null","1","100"
"aa499295371","name","java.lang.String","false","null","null","aaaaa","zzzzz"
"aa499295371","id","java.lang.Integer","true","null","null","0","10000"
"aa9261774855","age","java.lang.Integer","false","null","null","1","100"
"aa9261774855","name","java.lang.String","false","null","null","aaaaa","zzzzz"
"aa9261774855","id","java.lang.Integer","true","null","null","0","10000"
"aa3819063439","age","java.lang.Integer","false","null","null","1","100"
"aa3819063439","name","java.lang.String","false","null","null","aaaaa","zzzzz"
"aa3819063439","id","java.lang.Integer","true","null","null","0","10000"
"aa9419198617","age","java.lang.Integer","false","null","null","1","100"
"aa9419198617","name","java.lang.String","false","null","null","aaaaa","zzzzz"
"aa9419198617","id","java.lang.Integer","true","null","null","0","10000"
"aa7586326944","age","java.lang.Integer","false","null","null","1","100"
"aa7586326944","name","java.lang.String","false","null","null","aaaaa","zzzzz"
"aa7586326944","id","java.lang.Integer","true","null","null","0","10000"
"aa2074457979","age","java.lang.Integer","false","null","null","1","100"
"aa2074457979","name","java.lang.String","false","null","null","aaaaa","zzzzz"
"aa2074457979","id","java.lang.Integer","true","null","null","0","10000"
"aa6465663496","age","java.lang.Integer","false","null","null","1","100"
"aa6465663496","name","java.lang.String","false","null","null","aaaaa","zzzzz"
"aa6465663496","id","java.lang.Integer","true","null","null","0","10000"
"aa2419784835","age","java.lang.Integer","false","null","null","1","100"
"aa2419784835","name","java.lang.String","false","null","null","aaaaa","zzzzz"
"aa2419784835","id","java.lang.Integer","true","null","null","0","10000"
"aa2902339981","age","java.lang.Integer","false","null","null","1","100"
"aa2902339981","name","java.lang.String","false","null","null","aaaaa","zzzzz"
"aa2902339981","id","java.lang.Integer","true","null","null","0","10000"
"aa7334592203","age","java.lang.Integer","false","null","null","1","100"
"aa7334592203","name","java.lang.String","false","null","null","aaaaa","zzzzz"
"aa7334592203","id","java.lang.Integer","true","null","null","0","10000"
"aa2521291024","age","java.lang.Integer","false","null","null","1","100"
"aa2521291024","name","java.lang.String","false","null","null","aaaaa","zzzzz"
"aa2521291024","id","java.lang.Integer","true","null","null","0","10000"
"aa3170125578","age","java.lang.Integer","false","null","null","1","100"
"aa3170125578","name","java.lang.String","false","null","null","aaaaa","zzzzz"
"aa3170125578","id","java.lang.Integer","true","null","null","0","10000"
"aa1504861799","age","java.lang.Integer","false","null","null","1","100"
"aa1504861799","name","java.lang.String","false","null","null","aaaaa","zzzzz"
"aa1504861799","id","java.lang.Integer","true","null","null","0","10000"
"aa430496350","age","java.lang.Integer","false","null","null","1","100"
"aa430496350","name","java.lang.String","false","null","null","aaaaa","zzzzz"
"aa430496350","id","java.lang.Integer","true","null","null","0","10000"
"aa4951996726","age","java.lang.Integer","false","null","null","1","100"
"aa4951996726","name","java.lang.String","false","null","null","aaaaa","zzzzz"
"aa4951996726","id","java.lang.Integer","true","null","null","0","10000"
"aa1349836097","age","java.lang.Integer","false","idagenameIndex","Octree","1","100"
"aa1349836097","name","java.lang.String","false","idagenameIndex","Octree","aaaaa","zzzzz"
"aa1349836097","id","java.lang.Integer","true","idagenameIndex","Octree","0","10000"
"aa3655848988","age","java.lang.Integer","false","null","null","1","100"
"aa3655848988","name","java.lang.String","false","null","null","aaaaa","zzzzz"
"aa3655848988","id","java.lang.Integer","true","null","null","0","10000"
"aa2766199414","age","java.lang.Integer","false","null","null","1","100"
"aa2766199414","name","java.lang.String","false","null","null","aaaaa","zzzzz"
"aa2766199414","id","java.lang.Integer","true","null","null","0","10000"
"aa8080677741","age","java.lang.Integer","false","null","null","1","100"
"aa8080677741","name","java.lang.String","false","null","null","aaaaa","zzzzz"
"aa8080677741","id","java.lang.Integer","true","null","null","0","10000"
"aa9329543691","age","java.lang.Integer","false","null","null","1","100"
"aa9329543691","name","java.lang.String","false","null","null","aaaaa","zzzzz"
"aa9329543691","id","java.lang.Integer","true","null","null","0","10000"
"aa829283795","age","java.lang.Integer","false","null","null","1","100"
"aa829283795","name","java.lang.String","false","null","null","aaaaa","zzzzz"
"aa829283795","id","java.lang.Integer","true","null","null","0","10000"
"aa262264979","age","java.lang.Integer","false","null","null","1","100"
"aa262264979","name","java.lang.String","false","null","null","aaaaa","zzzzz"
"aa262264979","id","java.lang.Integer","true","null","null","0","10000"
"aa57980566","age","java.lang.Integer","false","null","null","1","100"
"aa57980566","name","java.lang.String","false","null","null","aaaaa","zzzzz"
"aa57980566","id","java.lang.Integer","true","null","null","0","10000"
"aa6274960682","age","java.lang.Integer","false","null","null","1","100"
"aa6274960682","name","java.lang.String","false","null","null","aaaaa","zzzzz"
"aa6274960682","id","java.lang.Integer","true","null","null","0","10000"
"aa1576710688","age","java.lang.Integer","false","null","null","1","100"
"aa1576710688","name","java.lang.String","false","null","null","aaaaa","zzzzz"
"aa1576710688","id","java.lang.Integer","true","null","null","0","10000"
"aa4314679910","age","java.lang.Integer","false","null","null","1","100"
"aa4314679910","name","java.lang.String","false","null","null","aaaaa","zzzzz"
"aa4314679910","id","java.lang.Integer","true","null","null","0","10000"
"aa7100690556","age","java.lang.Integer","false","null","null","1","100"
"aa7100690556","name","java.lang.String","false","null","null","aaaaa","zzzzz"
"aa7100690556","id","java.lang.Integer","true","null","null","0","10000"
"aa3857866350","age","java.lang.Integer","false","null","null","1","100"
"aa3857866350","name","java.lang.String","false","null","null","aaaaa","zzzzz"
"aa3857866350","id","java.lang.Integer","true","null","null","0","10000"
"aa1382774200","age","java.lang.Integer","false","null","null","1","100"
"aa1382774200","name","java.lang.String","false","null","null","aaaaa","zzzzz"
"aa1382774200","id","java.lang.Integer","true","null","null","0","10000"
"aa8695079078","age","java.lang.Integer","false","null","null","1","100"
"aa8695079078","name","java.lang.String","false","null","null","aaaaa","zzzzz"
"aa8695079078","id","java.lang.Integer","true","null","null","0","10000"
"aa4184086412","age","java.lang.Integer","false","agenameidIndex","Octree","1","100"
"aa4184086412","name","java.lang.String","false","agenameidIndex","Octree","aaaaa","zzzzz"
"aa4184086412","id","java.lang.Integer","true","agenameidIndex","Octree","0","10000"
"aa1333257601","age","java.lang.Integer","false","null","null","1","100"
"aa1333257601","name","java.lang.String","false","null","null","aaaaa","zzzzz"
"aa1333257601","id","java.lang.Integer","true","null","null","0","10000"
"aa3750820543","age","java.lang.Integer","false","null","null","1","100"
"aa3750820543","name","java.lang.String","false","null","null","aaaaa","zzzzz"
"aa3750820543","id","java.lang.Integer","true","null","null","0","10000"
"aa5131885293","age","java.lang.Integer","false","null","null","1","100"
"aa5131885293","name","java.lang.String","false","null","null","aaaaa","zzzzz"
"aa5131885293","id","java.lang.Integer","true","null","null","0","10000"
"aa5205173205","age","java.lang.Integer","false","null","null","1","100"
"aa5205173205","name","java.lang.String","false","null","null","aaaaa","zzzzz"
"aa5205173205","id","java.lang.Integer","true","null","null","0","10000"
"aa8769334204","age","java.lang.Integer","false","idagenameIndex","Octree","1","100"
"aa8769334204","name","java.lang.String","false","idagenameIndex","Octree","aaaaa","zzzzz"
"aa8769334204","id","java.lang.Integer","true","idagenameIndex","Octree","0","10000"
"aa2824847435","age","java.lang.Integer","false","null","null","1","100"
"aa2824847435","name","java.lang.String","false","null","null","aaaaa","zzzzz"
"aa2824847435","id","java.lang.Integer","true","null","null","0","10000"
"aa1986119858","age","java.lang.Integer","false","null","null","1","100"
"aa1986119858","name","java.lang.String","false","null","null","aaaaa","zzzzz"
"aa1986119858","id","java.lang.Integer","true","null","null","0","10000"
"aa1416914017","age","java.lang.Integer","false","null","null","1","100"
"aa1416914017","name","java.lang.String","false","null","null","aaaaa","zzzzz"
"aa1416914017","id","java.lang.Integer","true","null","null","0","10000"
"aa1526743219","age","java.lang.Integer","false","null","null","1","100"
"aa1526743219","name","java.lang.String","false","null","null","aaaaa","zzzzz"
"aa1526743219","id","java.lang.Integer","true","null","null","0","10000"
"aa1778926919","age","java.lang.Integer","false","null","null","1","100"
"aa1778926919","name","java.lang.String","false","null","null","aaaaa","zzzzz"
"aa1778926919","id","java.lang.Integer","true","null","null","0","10000"
"aa7060647344","age","java.lang.Integer","false","null","null","1","100"
"aa7060647344","name","java.lang.String","false","null","null","aaaaa","zzzzz"
"aa7060647344","id","java.lang.Integer","true","null","null","0","10000"
"aa9144350622","age","java.lang.Integer","false","null","null","1","100"
"aa9144350622","name","java.lang.String","false","null","null","aaaaa","zzzzz"
"aa9144350622","id","java.lang.Integer","true","null","null","0","10000"
"aa5516491151","age","java.lang.Integer","false","null","null","1","100"
"aa5516491151","name","java.lang.String","false","null","null","aaaaa","zzzzz"
"aa5516491151","id","java.lang.Integer","true","null","null","0","10000"
"aa6058490105","age","java.lang.Integer","false","null","null","1","100"
"aa6058490105","name","java.lang.String","false","null","null","aaaaa","zzzzz"
"aa6058490105","id","java.lang.Integer","true","null","null","0","10000"
"aa5243320211","age","java.lang.Integer","false","idagenameIndex","Octree","1","100"
"aa5243320211","name","java.lang.String","false","idagenameIndex","Octree","aaaaa","zzzzz"
"aa5243320211","id","java.lang.Integer","true","idagenameIndex","Octree","0","10000"
"aa927025781","age","java.lang.Integer","false","null","null","1","100"
"aa927025781","name","java.lang.String","false","null","null","aaaaa","zzzzz"
"aa927025781","id","java.lang.Integer","true","null","null","0","10000"
"aa7204845000","age","java.lang.Integer","false","null","null","1","100"
"aa7204845000","name","java.lang.String","false","null","null","aaaaa","zzzzz"
"aa7204845000","id","java.lang.Integer","true","null","null","0","10000"
"aa6167290275","age","java.lang.Integer","false","null","null","1","100"
"aa6167290275","name","java.lang.String","false","null","null","aaaaa","zzzzz"
"aa6167290275","id","java.lang.Integer","true","null","null","0","10000"
"aa9012420762","age","java.lang.Integer","false","null","null","1","100"
"aa9012420762","name","java.lang.String","false","null","null","aaaaa","zzzzz"
"aa9012420762","id","java.lang.Integer","true","null","null","0","10000"
"aa46181718","age","java.lang.Integer","false","null","null","1","100"
"aa46181718","name","java.lang.String","false","null","null","aaaaa","zzzzz"
"aa46181718","id","java.lang.Integer","true","null","null","0","10000"
"aa9025559941","age","java.lang.Integer","false","null","null","1","100"
"aa9025559941","name","java.lang.String","false","null","null","aaaaa","zzzzz"
"aa9025559941","id","java.lang.Integer","true","null","null","0","10000"
"aa5078489088","age","java.lang.Integer","false","null","null","1","100"
"aa5078489088","name","java.lang.String","false","null","null","aaaaa","zzzzz"
"aa5078489088","id","java.lang.Integer","true","null","null","0","10000"
"aa1968098085","age","java.lang.Integer","false","null","null","1","100"
"aa1968098085","name","java.lang.String","false","null","null","aaaaa","zzzzz"
"aa1968098085","id","java.lang.Integer","true","null","null","0","10000"
"aa122129148","age","java.lang.Integer","false","idagenameIndex","Octree","1","100"
"aa122129148","name","java.lang.String","false","idagenameIndex","Octree","aaaaa","zzzzz"
"aa122129148","id","java.lang.Integer","true","idagenameIndex","Octree","0","10000"
"aa4557777183","age","java.lang.Integer","false","null","null","1","100"
"aa4557777183","name","java.lang.String","false","null","null","aaaaa","zzzzz"
"aa4557777183","id","java.lang.Integer","true","null","null","0","10000"
"aa6514021650","age","java.lang.Integer","false","null","null","1","100"
"aa6514021650","name","java.lang.String","false","null","null","aaaaa","zzzzz"
"aa6514021650","id","java.lang.Integer","true","null","null","0","10000"
"aa949456608","age","java.lang.Integer","false","null","null","1","100"
"aa949456608","name","java.lang.String","false","null","null","aaaaa","zzzzz"
"aa949456608","id","java.lang.Integer","true","null","null","0","10000"
"aa9217759736","age","java.lang.Integer","false","null","null","1","100"
"aa9217759736","name","java.lang.String","false","null","null","aaaaa","zzzzz"
"aa9217759736","id","java.lang.Integer","true","null","null","0","10000"
"aa8821811130","age","java.lang.Integer","false","null","null","1","100"
"aa8821811130","name","java.lang.String","false","null","null","aaaaa","zzzzz"
"aa8821811130","id","java.lang.Integer","true","null","null","0","10000"
"aa5071665836","age","java.lang.Integer","false","null","null","1","100"
"aa5071665836","name","java.lang.String","false","null","null","aaaaa","zzzzz"
"aa5071665836","id","java.lang.Integer","true","null","null","0","10000"
"aa3153177916","age","java.lang.Integer","false","null","null","1","100"
"aa3153177916","name","java.lang.String","false","null","null","aaaaa","zzzzz"
"aa3153177916","id","java.lang.Integer","true","null","null","0","10000"
"aa5577859879","age","java.lang.Integer","false","null","null","1","100"
"aa5577859879","name","java.lang.String","false","null","null","aaaaa","zzzzz"
"aa5577859879","id","java.lang.Integer","true","null","null","0","10000"
"aa1545370009","age","java.lang.Integer","false","null","null","1","100"
"aa1545370009","name","java.lang.String","false","null","null","aaaaa","zzzzz"
"aa1545370009","id","java.lang.Integer","true","null","null","0","10000"
"aa1673866254","age","java.lang.Integer","false","null","null","1","100"
"aa1673866254","name","java.lang.String","false","null","null","aaaaa","zzzzz"
"aa1673866254","id","java.lang.Integer","true","null","null","0","10000"
"aa7907982458","age","java.lang.Integer","false","null","null","1","100"
"aa7907982458","name","java.lang.String","false","null","null","aaaaa","zzzzz"
"aa7907982458","id","java.lang.Integer","true","null","null","0","10000"
"aa3409068705","age","java.lang.Integer","false","null","null","1","100"
"aa3409068705","name","java.lang.String","false","null","null","aaaaa","zzzzz"
"aa3409068705","id","java.lang.Integer","true","null","null","0","10000"
"aa3748379080","age","java.lang.Integer","false","idagenameIndex","Octree","1","100"
"aa3748379080","name","java.lang.String","false","idagenameIndex","Octree","aaaaa","zzzzz"
"aa3748379080","id","java.lang.Integer","true","idagenameIndex","Octree","0","10000"
"aa316788251","age","java.lang.Integer","false","null","null","1","100"
"aa316788251","name","java.lang.String","false","null","null","aaaaa","zzzzz"
"aa316788251","id","java.lang.Integer","true","null","null","0","10000"
"aa3785262804","age","java.lang.Integer","false","null","null","1","100"
"aa3785262804","name","java.lang.String","false","null","null","aaaaa","zzzzz"
"aa3785262804","id","java.lang.Integer","true","null","null","0","10000"
"aa905578179","age","java.lang.Integer","false","null","null","1","100"
"aa905578179","name","java.lang.String","false","null","null","aaaaa","zzzzz"
"aa905578179","id","java.lang.Integer","true","null","null","0","10000"
"aa5027585","age","java.lang.Integer","false","null","null","1","100"
"aa5027585","name","java.lang.String","false","null","null","aaaaa","zzzzz"
"aa5027585","id","java.lang.Integer","true","null","null","0","10000"
"aa459472342","age","java.lang.Integer","false","null","null","1","100"
"aa459472342","name","java.lang.String","false","null","null","aaaaa","zzzzz"
"aa459472342","id","java.lang.Integer","true","null","null","0","10000"
"aa6069345076","age","java.lang.Integer","false","null","null","1","100"
"aa6069345076","name","java.lang.String","false","null","null","aaaaa","zzzzz"
"aa6069345076","id","java.lang.Integer","true","null","null","0","10000"
"aa8721158200","age","java.lang.Integer","false","null","null","1","100"
"aa8721158200","name","java.lang.String","false","null","null","aaaaa","zzzzz"
"aa8721158200","id","java.lang.Integer","true","null","null","0","10000"
"aa5215069576","age","java.lang.Integer","false","null","null","1","100"
"aa5215069576","name","java.lang.String","false","null","null","aaaaa","zzzzz"
"aa5215069576","id","java.lang.Integer","true","null","null","0","10000"
"aa199404317","age","java.lang.Integer","false","null","null","1","100"
"aa199404317","name","java.lang.String","false","null","null","aaaaa","zzzzz"
"aa199404317","id","java.lang.Integer","true","null","null","0","10000"
"aa5372152142","age","java.lang.Integer","false","null","null","1","100"
"aa5372152142","name","java.lang.String","false","null","null","aaaaa","zzzzz"
"aa5372152142","id","java.lang.Integer","true","null","null","0","10000"
"aa6118267979","age","java.lang.Integer","false","null","null","1","100"
"aa6118267979","name","java.lang.String","false","null","null","aaaaa","zzzzz"
"aa6118267979","id","java.lang.Integer","true","null","null","0","10000"
"aa4223086109","age","java.lang.Integer","false","null","null","1","100"
"aa4223086109","name","java.lang.String","false","null","null","aaaaa","zzzzz"
"aa4223086109","id","java.lang.Integer","true","null","null","0","10000"
"aa6711035908","age","java.lang.Integer","false","null","null","1","100"
"aa6711035908","name","java.lang.String","false","null","null","aaaaa","zzzzz"
"aa6711035908","id","java.lang.Integer","true","null","null","0","10000"
"aa5808029475","age","java.lang.Integer","false","null","null","1","100"
"aa5808029475","name","java.lang.String","false","null","null","aaaaa","zzzzz"
"aa5808029475","id","java.lang.Integer","true","null","null","0","10000"
"aa1581570866","age","java.lang.Integer","false","agenameidIndex","Octree","1","100"
"aa1581570866","name","java.lang.String","false","agenameidIndex","Octree","aaaaa","zzzzz"
"aa1581570866","id","java.lang.Integer","true","agenameidIndex","Octree","0","10000"
"aa2682773202","age","java.lang.Integer","false","null","null","1","100"
"aa2682773202","name","java.lang.String","false","null","null","aaaaa","zzzzz"
"aa2682773202","id","java.lang.Integer","true","null","null","0","10000"
"aa3979199835","age","java.lang.Integer","false","null","null","1","100"
"aa3979199835","name","java.lang.String","false","null","null","aaaaa","zzzzz"
"aa3979199835","id","java.lang.Integer","true","null","null","0","10000"
"aa2340228081","age","java.lang.Integer","false","null","null","1","100"
"aa2340228081","name","java.lang.String","false","null","null","aaaaa","zzzzz"
"aa2340228081","id","java.lang.Integer","true","null","null","0","10000"
"aa4984563419","age","java.lang.Integer","false","null","null","1","100"
"aa4984563419","name","java.lang.String","false","null","null","aaaaa","zzzzz"
"aa4984563419","id","java.lang.Integer","true","null","null","0","10000"
"aa1428815436","age","java.lang.Integer","false","idagenameIndex","Octree","1","100"
"aa1428815436","name","java.lang.String","false","idagenameIndex","Octree","aaaaa","zzzzz"
"aa1428815436","id","java.lang.Integer","true","idagenameIndex","Octree","0","10000"
"aa4149665468","age","java.lang.Integer","false","null","null","1","100"
"aa4149665468","name","java.lang.String","false","null","null","aaaaa","zzzzz"
"aa4149665468","id","java.lang.Integer","true","null","null","0","10000"
"aa5489516152","age","java.lang.Integer","false","null","null","1","100"
"aa5489516152","name","java.lang.String","false","null","null","aaaaa","zzzzz"
"aa5489516152","id","java.lang.Integer","true","null","null","0","10000"
"aa5295047406","age","java.lang.Integer","false","null","null","1","100"
"aa5295047406","name","java.lang.String","false","null","null","aaaaa","zzzzz"
"aa5295047406","id","java.lang.Integer","true","null","null","0","10000"
"aa2612382985","age","java.lang.Integer","false","null","null","1","100"
"aa2612382985","name","java.lang.String","false","null","null","aaaaa","zzzzz"
"aa2612382985","id","java.lang.Integer","true","null","null","0","10000"
"aa8003881870","age","java.lang.Integer","false","null","null","1","100"
"aa8003881870","name","java.lang.String","false","null","null","aaaaa","zzzzz"
"aa8003881870","id","java.lang.Integer","true","null","null","0","10000"
"aa840433690","age","java.lang.Integer","false","null","null","1","100"
"aa840433690","name","java.lang.String","false","null","null","aaaaa","zzzzz"
"aa840433690","id","java.lang.Integer","true","null","null","0","10000"
"aa8609445608","age","java.lang.Integer","false","null","null","1","100"
"aa8609445608","name","java.lang.String","false","null","null","aaaaa","zzzzz"
"aa8609445608","id","java.lang.Integer","true","null","null","0","10000"
"aa5814536889","age","java.lang.Integer","false","null","null","1","100"
"aa5814536889","name","java.lang.String","false","null","null","aaaaa","zzzzz"
"aa5814536889","id","java.lang.Integer","true","null","null","0","10000"
"aa6585598423","age","java.lang.Integer","false","null","null","1","100"
"aa6585598423","name","java.lang.String","false","null","null","aaaaa","zzzzz"
"aa6585598423","id","java.lang.Integer","true","null","null","0","10000"
"aa3439858170","age","java.lang.Integer","false","idagenameIndex","Octree","1","100"
"aa3439858170","name","java.lang.String","false","idagenameIndex","Octree","aaaaa","zzzzz"
"aa3439858170","id","java.lang.Integer","true","idagenameIndex","Octree","0","10000"
"aa698814632","age","java.lang.Integer","false","null","null","1","100"
"aa698814632","name","java.lang.String","false","null","null","aaaaa","zzzzz"
"aa698814632","id","java.lang.Integer","true","null","null","0","10000"
"aa3462542578","age","java.lang.Integer","false","null","null","1","100"
"aa3462542578","name","java.lang.String","false","null","null","aaaaa","zzzzz"
"aa3462542578","id","java.lang.Integer","true","null","null","0","10000"
"aa5541336204","age","java.lang.Integer","false","null","null","1","100"
"aa5541336204","name","java.lang.String","false","null","null","aaaaa","zzzzz"
"aa5541336204","id","java.lang.Integer","true","null","null","0","10000"
"aa3758471503","age","java.lang.Integer","false","null","null","1","100"
"aa3758471503","name","java.lang.String","false","null","null","aaaaa","zzzzz"
"aa3758471503","id","java.lang.Integer","true","null","null","0","10000"
"aa3132442665","age","java.lang.Integer","false","null","null","1","100"
"aa3132442665","name","java.lang.String","false","null","null","aaaaa","zzzzz"
"aa3132442665","id","java.lang.Integer","true","null","null","0","10000"
"aa1864246882","age","java.lang.Integer","false","null","null","1","100"
"aa1864246882","name","java.lang.String","false","null","null","aaaaa","zzzzz"
"aa1864246882","id","java.lang.Integer","true","null","null","0","10000"
"aa6166461842","age","java.lang.Integer","false","null","null","1","100"
"aa6166461842","name","java.lang.String","false","null","null","aaaaa","zzzzz"
"aa6166461842","id","java.lang.Integer","true","null","null","0","10000"
"aa9824623735","age","java.lang.Integer","false","null","null","1","100"
"aa9824623735","name","java.lang.String","false","null","null","aaaaa","zzzzz"
"aa9824623735","id","java.lang.Integer","true","null","null","0","10000"
"aa9177277647","age","java.lang.Integer","false","idagenameIndex","Octree","1","100"
"aa9177277647","name","java.lang.String","false","idagenameIndex","Octree","aaaaa","zzzzz"
"aa9177277647","id","java.lang.Integer","true","idagenameIndex","Octree","0","10000"
"aa779033206","age","java.lang.Integer","false","null","null","1","100"
"aa779033206","name","java.lang.String","false","null","null","aaaaa","zzzzz"
"aa779033206","id","java.lang.Integer","true","null","null","0","10000"
"aa1402326364","age","java.lang.Integer","false","null","null","1","100"
"aa1402326364","name","java.lang.String","false","null","null","aaaaa","zzzzz"
"aa1402326364","id","java.lang.Integer","true","null","null","0","10000"
"aa882012626","age","java.lang.Integer","false","null","null","1","100"
"aa882012626","name","java.lang.String","false","null","null","aaaaa","zzzzz"
"aa882012626","id","java.lang.Integer","true","null","null","0","10000"
"aa450711270","age","java.lang.Integer","false","null","null","1","100"
"aa450711270","name","java.lang.String","false","null","null","aaaaa","zzzzz"
"aa450711270","id","java.lang.Integer","true","null","null","0","10000"
"aa8125186541","age","java.lang.Integer","false","null","null","1","100"
"aa8125186541","name","java.lang.String","false","null","null","aaaaa","zzzzz"
"aa8125186541","id","java.lang.Integer","true","null","null","0","10000"
"aa901316938","age","java.lang.Integer","false","null","null","1","100"
"aa901316938","name","java.lang.String","false","null","null","aaaaa","zzzzz"
"aa901316938","id","java.lang.Integer","true","null","null","0","10000"
"aa422923233","age","java.lang.Integer","false","null","null","1","100"
"aa422923233","name","java.lang.String","false","null","null","aaaaa","zzzzz"
"aa422923233","id","java.lang.Integer","true","null","null","0","10000"
"aa7802069181","age","java.lang.Integer","false","null","null","1","100"
"aa7802069181","name","java.lang.String","false","null","null","aaaaa","zzzzz"
"aa7802069181","id","java.lang.Integer","true","null","null","0","10000"
"aa8927024918","age","java.lang.Integer","false","null","null","1","100"
"aa8927024918","name","java.lang.String","false","null","null","aaaaa","zzzzz"
"aa8927024918","id","java.lang.Integer","true","null","null","0","10000"
"aa6666014382","age","java.lang.Integer","false","null","null","1","100"
"aa6666014382","name","java.lang.String","false","null","null","aaaaa","zzzzz"
"aa6666014382","id","java.lang.Integer","true","null","null","0","10000"
"aa8949196664","age","java.lang.Integer","false","null","null","1","100"
"aa8949196664","name","java.lang.String","false","null","null","aaaaa","zzzzz"
"aa8949196664","id","java.lang.Integer","true","null","null","0","10000"
"aa2398982780","age","java.lang.Integer","false","null","null","1","100"
"aa2398982780","name","java.lang.String","false","null","null","aaaaa","zzzzz"
"aa2398982780","id","java.lang.Integer","true","null","null","0","10000"
"aa102378982","age","java.lang.Integer","false","idagenameIndex","Octree","1","100"
"aa102378982","name","java.lang.String","false","idagenameIndex","Octree","aaaaa","zzzzz"
"aa102378982","id","java.lang.Integer","true","idagenameIndex","Octree","0","10000"
"aa6144254353","age","java.lang.Integer","false","null","null","1","100"
"aa6144254353","name","java.lang.String","false","null","null","aaaaa","zzzzz"
"aa6144254353","id","java.lang.Integer","true","null","null","0","10000"
"aa9310622120","age","java.lang.Integer","false","null","null","1","100"
"aa9310622120","name","java.lang.String","false","null","null","aaaaa","zzzzz"
"aa9310622120","id","java.lang.Integer","true","null","null","0","10000"
"aa5497643010","age","java.lang.Integer","false","null","null","1","100"
"aa5497643010","name","java.lang.String","false","null","null","aaaaa","zzzzz"
"aa5497643010","id","java.lang.Integer","true","null","null","0","10000"
"aa5190826294","age","java.lang.Integer","false","null","null","1","100"
"aa5190826294","name","java.lang.String","false","null","null","aaaaa","zzzzz"
"aa5190826294","id","java.lang.Integer","true","null","null","0","10000"
"aa6416855086","age","java.lang.Integer","false","null","null","1","100"
"aa6416855086","name","java.lang.String","false","null","null","aaaaa","zzzzz"
"aa6416855086","id","java.lang.Integer","true","null","null","0","10000"
"aa9975771375","age","java.lang.Integer","false","null","null","1","100"
"aa9975771375","name","java.lang.String","false","null","null","aaaaa","zzzzz"
"aa9975771375","id","java.lang.Integer","true","null","null","0","10000"
"aa7870561524","age","java.lang.Integer","false","null","null","1","100"
"aa7870561524","name","java.lang.String","false","null","null","aaaaa","zzzzz"
"aa7870561524","id","java.lang.Integer","true","null","null","0","10000"
"aa5627912026","age","java.lang.Integer","false","null","null","1","100"
"aa5627912026","name","java.lang.String","false","null","null","aaaaa","zzzzz"
"aa5627912026","id","java.lang.Integer","true","null","null","0","10000"
"aa2243913561","age","java.lang.Integer","false","null","null","1","100"
"aa2243913561","name","java.lang.String","false","null","null","aaaaa","zzzzz"
"aa2243913561","id","java.lang.Integer","true","null","null","0","10000"
"aa2664371294","age","java.lang.Integer","false","agenameidIndex","Octree","1","100"
"aa2664371294","name","java.lang.String","false","agenameidIndex","Octree","aaaaa","zzzzz"
"aa2664371294","id","java.lang.Integer","true","agenameidIndex","Octree","0","10000"
"aa385649295","age","java.lang.Integer","false","null","null","1","100"
"aa385649295","name","java.lang.String","false","null","null","aaaaa","zzzzz"
"aa385649295","id","java.lang.Integer","true","null","null","0","10000"
"aa4209013048","age","java.lang.Integer","false","null","null","1","100"
"aa4209013048","name","java.lang.String","false","null","null","aaaaa","zzzzz"
"aa4209013048","id","java.lang.Integer","true","null","null","0","10000"
"aa988911005","age","java.lang.Integer","false","null","null","1","100"
"aa988911005","name","java.lang.String","false","null","null","aaaaa","zzzzz"
"aa988911005","id","java.lang.Integer","true","null","null","0","10000"
"aa9075073849","age","java.lang.Integer","false","null","null","1","100"
"aa9075073849","name","java.lang.String","false","null","null","aaaaa","zzzzz"
"aa9075073849","id","java.lang.Integer","true","null","null","0","10000"
"aa5338142918","age","java.lang.Integer","false","idagenameIndex","Octree","1","100"
"aa5338142918","name","java.lang.String","false","idagenameIndex","Octree","aaaaa","zzzzz"
"aa5338142918","id","java.lang.Integer","true","idagenameIndex","Octree","0","10000"
"aa5569360079","age","java.lang.Integer","false","null","null","1","100"
"aa5569360079","name","java.lang.String","false","null","null","aaaaa","zzzzz"
"aa5569360079","id","java.lang.Integer","true","null","null","0","10000"
"aa203584202","age","java.lang.Integer","false","null","null","1","100"
"aa203584202","name","java.lang.String","false","null","null","aaaaa","zzzzz"
"aa203584202","id","java.lang.Integer","true","null","null","0","10000"
"aa6957153888","age","java.lang.Integer","false","null","null","1","100"
"aa6957153888","name","java.lang.String","false","null","null","aaaaa","zzzzz"
"aa6957153888","id","java.lang.Integer","true","null","null","0","10000"
"aa3049316828","age","java.lang.Integer","false","null","null","1","100"
"aa3049316828","name","java.lang.String","false","null","null","aaaaa","zzzzz"
"aa3049316828","id","java.lang.Integer","true","null","null","0","10000"
"aa7239781295","age","java.lang.Integer","false","null","null","1","100"
"aa7239781295","name","java.lang.String","false","null","null","aaaaa","zzzzz"
"aa7239781295","id","java.lang.Integer","true","null","null","0","10000"
"aa5464732275","age","java.lang.Integer","false","null","null","1","100"
"aa5464732275","name","java.lang.String","false","null","null","aaaaa","zzzzz"
"aa5464732275","id","java.lang.Integer","true","null","null","0","10000"
"aa1526385273","age","java.lang.Integer","false","null","null","1","100"
"aa1526385273","name","java.lang.String","false","null","null","aaaaa","zzzzz"
"aa1526385273","id","java.lang.Integer","true","null","null","0","10000"
"aa1867855206","age","java.lang.Integer","false","null","null","1","100"
"aa1867855206","name","java.lang.String","false","null","null","aaaaa","zzzzz"
"aa1867855206","id","java.lang.Integer","true","null","null","0","10000"
"aa6919990882","age","java.lang.Integer","false","null","null","1","100"
"aa6919990882","name","java.lang.String","false","null","null","aaaaa","zzzzz"
"aa6919990882","id","java.lang.Integer","true","null","null","0","10000"
"aa9401750907","age","java.lang.Integer","false","idagenameIndex","Octree","1","100"
"aa9401750907","name","java.lang.String","false","idagenameIndex","Octree","aaaaa","zzzzz"
"aa9401750907","id","java.lang.Integer","true","idagenameIndex","Octree","0","10000"
"aa6096472267","age","java.lang.Integer","false","null","null","1","100"
"aa6096472267","name","java.lang.String","false","null","null","aaaaa","zzzzz"
"aa6096472267","id","java.lang.Integer","true","null","null","0","10000"
"aa5388545098","age","java.lang.Integer","false","null","null","1","100"
"aa5388545098","name","java.lang.String","false","null","null","aaaaa","zzzzz"
"aa5388545098","id","java.lang.Integer","true","null","null","0","10000"
"aa9831457222","age","java.lang.Integer","false","null","null","1","100"
"aa9831457222","name","java.lang.String","false","null","null","aaaaa","zzzzz"
"aa9831457222","id","java.lang.Integer","true","null","null","0","10000"
"aa5435299686","age","java.lang.Integer","false","null","null","1","100"
"aa5435299686","name","java.lang.String","false","null","null","aaaaa","zzzzz"
"aa5435299686","id","java.lang.Integer","true","null","null","0","10000"
"aa6611834021","age","java.lang.Integer","false","null","null","1","100"
"aa6611834021","name","java.lang.String","false","null","null","aaaaa","zzzzz"
"aa6611834021","id","java.lang.Integer","true","null","null","0","10000"
"aa4824356075","age","java.lang.Integer","false","null","null","1","100"
"aa4824356075","name","java.lang.String","false","null","null","aaaaa","zzzzz"
"aa4824356075","id","java.lang.Integer","true","null","null","0","10000"
"aa7165557336","age","java.lang.Integer","false","null","null","1","100"
"aa7165557336","name","java.lang.String","false","null","null","aaaaa","zzzzz"
"aa7165557336","id","java.lang.Integer","true","null","null","0","10000"
"aa8179078858","age","java.lang.Integer","false","null","null","1","100"
"aa8179078858","name","java.lang.String","false","null","null","aaaaa","zzzzz"
"aa8179078858","id","java.lang.Integer","true","null","null","0","10000"
"aa9256685330","age","java.lang.Integer","false","idagenameIndex","Octree","1","100"
"aa9256685330","name","java.lang.String","false","idagenameIndex","Octree","aaaaa","zzzzz"
"aa9256685330","id","java.lang.Integer","true","idagenameIndex","Octree","0","10000"
"aa755657011","age","java.lang.Integer","false","null","null","1","100"
"aa755657011","name","java.lang.String","false","null","null","aaaaa","zzzzz"
"aa755657011","id","java.lang.Integer","true","null","null","0","10000"
"aa3409618400","age","java.lang.Integer","false","null","null","1","100"
"aa3409618400","name","java.lang.String","false","null","null","aaaaa","zzzzz"
"aa3409618400","id","java.lang.Integer","true","null","null","0","10000"
"aa7102047171","age","java.lang.Integer","false","null","null","1","100"
"aa7102047171","name","java.lang.String","false","null","null","aaaaa","zzzzz"
"aa7102047171","id","java.lang.Integer","true","null","null","0","10000"
"aa3367051506","age","java.lang.Integer","false","null","null","1","100"
"aa3367051506","name","java.lang.String","false","null","null","aaaaa","zzzzz"
"aa3367051506","id","java.lang.Integer","true","null","null","0","10000"
"aa3186124135","age","java.lang.Integer","false","null","null","1","100"
"aa3186124135","name","java.lang.String","false","null","null","aaaaa","zzzzz"
"aa3186124135","id","java.lang.Integer","true","null","null","0","10000"
"aa6027496718","age","java.lang.Integer","false","null","null","1","100"
"aa6027496718","name","java.lang.String","false","null","null","aaaaa","zzzzz"
"aa6027496718","id","java.lang.Integer","true","null","null","0","10000"
"aa2555537415","age","java.lang.Integer","false","null","null","1","100"
"aa2555537415","name","java.lang.String","false","null","null","aaaaa","zzzzz"
"aa2555537415","id","java.lang.Integer","true","null","null","0","10000"
"aa4373480293","age","java.lang.Integer","false","null","null","1","100"
"aa4373480293","name","java.lang.String","false","null","null","aaaaa","zzzzz"
"aa4373480293","id","java.lang.Integer","true","null","null","0","10000"
"aa7436559483","age","java.lang.Integer","false","null","null","1","100"
"aa7436559483","name","java.lang.String","false","null","null","aaaaa","zzzzz"
"aa7436559483","id","java.lang.Integer","true","null","null","0","10000"
"aa3470169542","age","java.lang.Integer","false","null","null","1","100"
"aa3470169542","name","java.lang.String","false","null","null","aaaaa","zzzzz"
"aa3470169542","id","java.lang.Integer","true","null","null","0","10000"
"aa5765751321","age","java.lang.Integer","false","null","null","1","100"
"aa5765751321","name","java.lang.String","false","null","null","aaaaa","zzzzz"
"aa5765751321","id","java.lang.Integer","true","null","null","0","10000"
"aa3999338693","age","java.lang.Integer","false","null","null","1","100"
"aa3999338693","name","java.lang.String","false","null","null","aaaaa","zzzzz"
"aa3999338693","id","java.lang.Integer","true","null","null","0","10000"
"aa6760463898","age","java.lang.Integer","false","idagenameIndex","Octree","1","100"
"aa6760463898","name","java.lang.String","false","idagenameIndex","Octree","aaaaa","zzzzz"
"aa6760463898","id","java.lang.Integer","true","idagenameIndex","Octree","0","10000"
"aa9994040128","age","java.lang.Integer","false","null","null","1","100"
"aa9994040128","name","java.lang.String","false","null","null","aaaaa","zzzzz"
"aa9994040128","id","java.lang.Integer","true","null","null","0","10000"
"aa6892640453","age","java.lang.Integer","false","null","null","1","100"
"aa6892640453","name","java.lang.String","false","null","null","aaaaa","zzzzz"
"aa6892640453","id","java.lang.Integer","true","null","null","0","10000"
"aa744307602","age","java.lang.Integer","false","null","null","1","100"
"aa744307602","name","java.lang.String","false","null","null","aaaaa","zzzzz"
"aa744307602","id","java.lang.Integer","true","null","null","0","10000"
"aa9002333721","age","java.lang.Integer","false","null","null","1","100"
"aa9002333721","name","java.lang.String","false","null","null","aaaaa","zzzzz"
"aa9002333721","id","java.lang.Integer","true","null","null","0","10000"
"aa8263481428","age","java.lang.Integer","false","null","null","1","100"
"aa8263481428","name","java.lang.String","false","null","null","aaaaa","zzzzz"
"aa8263481428","id","java.lang.Integer","true","null","null","0","10000"
"aa775804728","age","java.lang.Integer","false","null","null","1","100"
"aa775804728","name","java.lang.String","false","null","null","aaaaa","zzzzz"
"aa775804728","id","java.lang.Integer","true","null","null","0","10000"
"aa9769012147","age","java.lang.Integer","false","null","null","1","100"
"aa9769012147","name","java.lang.String","false","null","null","aaaaa","zzzzz"
"aa9769012147","id","java.lang.Integer","true","null","null","0","10000"
"aa7967475306","age","java.lang.Integer","false","null","null","1","100"
"aa7967475306","name","java.lang.String","false","null","null","aaaaa","zzzzz"
"aa7967475306","id","java.lang.Integer","true","null","null","0","10000"
"aa387854334","age","java.lang.Integer","false","agenameidIndex","Octree","1","100"
"aa387854334","name","java.lang.String","false","agenameidIndex","Octree","aaaaa","zzzzz"
"aa387854334","id","java.lang.Integer","true","agenameidIndex","Octree","0","10000"
"aa1206489007","age","java.lang.Integer","false","agenameidIndex","Octree","1","100"
"aa1206489007","name","java.lang.String","false","agenameidIndex","Octree","aaaaa","zzzzz"
"aa1206489007","id","java.lang.Integer","true","agenameidIndex","Octree","0","10000"
"aa710544602","age","java.lang.Integer","false","agenameidIndex","Octree","1","100"
"aa710544602","name","java.lang.String","false","agenameidIndex","Octree","aaaaa","zzzzz"
"aa710544602","id","java.lang.Integer","true","agenameidIndex","Octree","0","10000"
"aa6956317755","age","java.lang.Integer","false","agenameidIndex","Octree","1","100"
"aa6956317755","name","java.lang.String","false","agenameidIndex","Octree","aaaaa","zzzzz"
"aa6956317755","id","java.lang.Integer","true","agenameidIndex","Octree","0","10000"
"aa342176858","age","java.lang.Integer","false","agenameidIndex","Octree","1","100"
"aa342176858","name","java.lang.String","false","agenameidIndex","Octree","aaaaa","zzzzz"
"aa342176858","id","java.lang.Integer","true","agenameidIndex","Octree","0","10000"
"aa6417032185","age","java.lang.Integer","false","agenameidIndex","Octree","1","100"
"aa6417032185","name","java.lang.String","false","agenameidIndex","Octree","aaaaa","zzzzz"
"aa6417032185","id","java.lang.Integer","true","agenameidIndex","Octree","0","10000"
"aa1628187717","age","java.lang.Integer","false","agenameidIndex","Octree","1","100"
"aa1628187717","name","java.lang.String","false","agenameidIndex","Octree","aaaaa","zzzzz"
"aa1628187717","id","java.lang.Integer","true","agenameidIndex","Octree","0","10000"
"aa1780155925","age","java.lang.Integer","false","agenameidIndex","Octree","1","100"
"aa1780155925","name","java.lang.String","false","agenameidIndex","Octree","aaaaa","zzzzz"
"aa1780155925","id","java.lang.Integer","true","agenameidIndex","Octree","0","10000"
"aa9845051074","age","java.lang.Integer","false","agenameidIndex","Octree","1","100"
"aa9845051074","name","java.lang.String","false","agenameidIndex","Octree","aaaaa","zzzzz"
"aa9845051074","id","java.lang.Integer","true","agenameidIndex","Octree","0","10000"
"aa9022047784","age","java.lang.Integer","false","agenameidIndex","Octree","1","100"
"aa9022047784","name","java.lang.String","false","agenameidIndex","Octree","aaaaa","zzzzz"
"aa9022047784","id","java.lang.Integer","true","agenameidIndex","Octree","0","10000"
"aa1653089309","age","java.lang.Integer","false","agenameidIndex","Octree","1","100"
"aa1653089309","name","java.lang.String","false","agenameidIndex","Octree","aaaaa","zzzzz"
"aa1653089309","id","java.lang.Integer","true","agenameidIndex","Octree","0","10000"
"aa4546154149","age","java.lang.Integer","false","agenameidIndex","Octree","1","100"
"aa4546154149","name","java.lang.String","false","agenameidIndex","Octree","aaaaa","zzzzz"
"aa4546154149","id","java.lang.Integer","true","agenameidIndex","Octree","0","10000"
"aa5959789376","age","java.lang.Integer","false","agenameidIndex","Octree","1","100"
"aa5959789376","name","java.lang.String","false","agenameidIndex","Octree","aaaaa","zzzzz"
"aa5959789376","id","java.lang.Integer","true","agenameidIndex","Octree","0","10000"
"aa9982078159","age","java.lang.Integer","false","agenameidIndex","Octree","1","100"
"aa9982078159","name","java.lang.String","false","agenameidIndex","Octree","aaaaa","zzzzz"
"aa9982078159","id","java.lang.Integer","true","agenameidIndex","Octree","0","10000"
"aa1536766260","age","java.lang.Integer","false","agenameidIndex","Octree","1","100"
"aa1536766260","name","java.lang.String","false","agenameidIndex","Octree","aaaaa","zzzzz"
"aa1536766260","id","java.lang.Integer","true","agenameidIndex","Octree","0","10000"
"aa5801592281","age","java.lang.Integer","false","agenameidIndex","Octree","1","100"
"aa5801592281","name","java.lang.String","false","agenameidIndex","Octree","aaaaa","zzzzz"
"aa5801592281","id","java.lang.Integer","true","agenameidIndex","Octree","0","10000"
"aa7632857047","age","java.lang.Integer","false","agenameidIndex","Octree","1","100"
"aa7632857047","name","java.lang.String","false","agenameidIndex","Octree","aaaaa","zzzzz"
"aa7632857047","id","java.lang.Integer","true","agenameidIndex","Octree","0","10000"
"aa6403836103","age","java.lang.Integer","false","agenameidIndex","Octree","1","100"
"aa6403836103","name","java.lang.String","false","agenameidIndex","Octree","aaaaa","zzzzz"
"aa6403836103","id","java.lang.Integer","true","agenameidIndex","Octree","0","10000"
"aa2737499930","age","java.lang.Integer","false","agenameidIndex","Octree","1","100"
"aa2737499930","name","java.lang.String","false","agenameidIndex","Octree","aaaaa","zzzzz"
"aa2737499930","id","java.lang.Integer","true","agenameidIndex","Octree","0","10000"
"aa7858974993","age","java.lang.Integer","false","agenameidIndex","Octree","1","100"
"aa7858974993","name","java.lang.String","false","agenameidIndex","Octree","aaaaa","zzzzz"
"aa7858974993","id","java.lang.Integer","true","agenameidIndex","Octree","0","10000"
"aa4433886181","age","java.lang.Integer","false","agenameidIndex","Octree","1","100"
"aa4433886181","name","java.lang.String","false","agenameidIndex","Octree","aaaaa","zzzzz"
"aa4433886181","id","java.lang.Integer","true","agenameidIndex","Octree","0","10000"
"aa37089514","age","java.lang.Integer","false","agenameidIndex","Octree","1","100"
"aa37089514","name","java.lang.String","false","agenameidIndex","Octree","aaaaa","zzzzz"
"aa37089514","id","java.lang.Integer","true","agenameidIndex","Octree","0","10000"
"aa1104342437","age","java.lang.Integer","false","agenameidIndex","Octree","1","100"
"aa1104342437","name","java.lang.String","false","agenameidIndex","Octree","aaaaa","zzzzz"
"aa1104342437","id","java.lang.Integer","true","agenameidIndex","Octree","0","10000"
"aa5725620914","age","java.lang.Integer","false","agenameidIndex","Octree","1","100"
"aa5725620914","name","java.lang.String","false","agenameidIndex","Octree","aaaaa","zzzzz"
"aa5725620914","id","java.lang.Integer","true","agenameidIndex","Octree","0","10000"
"aa4901035896","age","java.lang.Integer","false","agenameidIndex","Octree","1","100"
"aa4901035896","name","java.lang.String","false","agenameidIndex","Octree","aaaaa","zzzzz"
"aa4901035896","id","java.lang.Integer","true","agenameidIndex","Octree","0","10000"
"aa2545252324","age","java.lang.Integer","false","agenameidIndex","Octree","1","100"
"aa2545252324","name","java.lang.String","false","agenameidIndex","Octree","aaaaa","zzzzz"
"aa2545252324","id","java.lang.Integer","true","agenameidIndex","Octree","0","10000"
"aa250934146","age","java.lang.Integer","false","agenameidIndex","Octree","1","100"
"aa250934146","name","java.lang.String","false","agenameidIndex","Octree","aaaaa","zzzzz"
"aa250934146","id","java.lang.Integer","true","agenameidIndex","Octree","0","10000"
"aa3531645831","age","java.lang.Integer","false","agenameidIndex","Octree","1","100"
"aa3531645831","name","java.lang.String","false","agenameidIndex","Octree","aaaaa","zzzzz"
"aa3531645831","id","java.lang.Integer","true","agenameidIndex","Octree","0","10000"
"aa6426393361","age","java.lang.Integer","false","agenameidIndex","Octree","1","100"
"aa6426393361","name","java.lang.String","false","agenameidIndex","Octree","aaaaa","zzzzz"
"aa6426393361","id","java.lang.Integer","true","agenameidIndex","Octree","0","10000"
"aa9822853563","age","java.lang.Integer","false","agenameidIndex","Octree","1","100"
"aa9822853563","name","java.lang.String","false","agenameidIndex","Octree","aaaaa","zzzzz"
"aa9822853563","id","java.lang.Integer","true","agenameidIndex","Octree","0","10000"
"aa2813137930","age","java.lang.Integer","false","agenameidIndex","Octree","1","100"
"aa2813137930","name","java.lang.String","false","agenameidIndex","Octree","aaaaa","zzzzz"
"aa2813137930","id","java.lang.Integer","true","agenameidIndex","Octree","0","10000"
